Country,Product,Flow,1971,1972,1973,1974,1975,1976,1977,1978,1979,1980,1981,1982,1983,1984,1985,1986,1987,1988,1989,1990,1991,1992,1993,1994,1995,1996,1997,1998,1999,2000,2001,2002,2003,2004,2005,2006,2007,2008,2009,2010,2011,2012,2013,2014,2015,2016,2017,2018,2019,2020,2021,2022,2023 Provisional
Australia,Fossil fuels,Electricity output (GWh),41201,43730,52662,55974,58406,60843,68911,71507,74856,81907,87728,90301,92954,98977,105542,110412,117456,123265,131817,139389,139946,143107,146016,150127,156174,160913,165092,178571,186229,192274,206103,209504,201967,209530,208244,211085,221966,223347,229493,230893,227433,224509,216511,211256,217871,219115,217564,216366,212002,205248,194756,187536,181363
Australia,Nuclear,Electricity output (GWh),0,0,0,0,0,0,0,0,0,0,0,0,0,0,0,0,0,0,0,0,0,0,0,0,0,0,0,0,0,0,0,0,0,0,0,0,0,0,0,0,0,0,0,0,0,0,0,0,0,0,0,0,0
Australia,Renewable sources,Electricity output (GWh),11844,11853,11749,13629,15173,15549,13576,14287,15787,13327,14480,14112,12563,12527,14118,14962,14067,15029,15265,14898,16590,16019,17220,17042,16631,16362,17507,16448,17398,17590,18162,17874,18619,18683,20103,21642,21013,19726,18602,21721,26273,26318,32704,36112,33423,37151,40207,44416,51658,59545,70359,83282,92216
Australia,Total,Electricity output (GWh),53045,55583,64411,69603,73579,76392,82487,85794,90643,95234,102208,104413,105517,111504,119660,125374,131523,138294,147082,154287,156536,159126,163236,167169,172805,177275,182599,195019,203627,209864,224265,227378,220586,228213,228347,232727,242979,243073,248095,252614,253706,250827,249215,247368,251294,256266,257771,260782,263660,264793,265115,270818,273579
Austria,Fossil fuels,Electricity output (GWh),11752,11939,11964,11005,11242,14561,12540,12875,12267,12551,10889,10848,10767,11965,11839,11544,12712,11244,12727,16607,17483,13718,13261,15156,16202,17549,17714,16784,17402,16292,18597,18570,22537,21882,23158,21062,19164,19378,18513,22328,20787,16682,13471,10855,13587,13457,15681,14254,15422,13037,13485,13509,10205
Austria,Nuclear,Electricity output (GWh),0,0,0,0,0,0,0,0,0,0,0,0,0,0,0,0,0,0,0,0,0,0,0,0,0,0,0,0,0,0,0,0,0,0,0,0,0,0,0,0,0,0,0,0,0,0,0,0,0,0,0,0,0
Austria,Renewable sources,Electricity output (GWh),16450,16986,18952,22400,23691,20273,24788,24802,27930,29049,31347,31371,31165,29674,31873,32395,36933,36853,36391,32635,32649,36154,38049,36896,38904,35790,37819,39031,42348,43435,42232,41895,35251,39627,40885,40669,43177,44531,47177,44998,40908,51328,50491,50186,47582,51082,51055,50054,54634,55424,52754,50432,59397
Austria,Total,Electricity output (GWh),28202,28925,30916,33405,34933,34834,37328,37677,40197,41600,42246,42235,41972,41663,43742,43977,49688,48149,49155,49296,50181,49939,51371,52111,55178,53574,55685,55910,59916,59874,61067,60706,58097,61948,64490,62302,62939,64515,66315,67933,62270,68709,64595,61612,61865,65271,67443,65037,70856,69212,66968,64713,70301
Belgium,Fossil fuels,Electricity output (GWh),33103,36869,40252,41818,33768,36921,34459,37563,39949,39964,36520,33719,27208,25366,21057,17407,19393,20478,24707,26574,27281,26735,27005,29479,30771,30506,29241,34506,32794,32804,30208,31500,34224,33197,33728,32579,33803,31750,35688,37203,31174,29371,26232,23813,26340,24906,25615,26486,28115,28774,24726,24552,19575
Belgium,Nuclear,Electricity output (GWh),0,11,76,148,6784,10036,11939,12513,11407,12549,12859,15664,24106,27743,34601,39394,41967,43102,41217,42722,42861,43456,41927,40624,41356,43336,47408,46165,49017,48157,46349,47360,47379,47312,47595,46645,48227,45568,47222,47944,48234,40295,42644,33703,26103,43523,42227,28597,43524,34435,50326,43879,32928
Belgium,Renewable sources,Electricity output (GWh),134,180,287,348,266,166,471,483,549,578,672,379,358,375,340,462,577,547,503,555,536,617,507,600,668,561,588,759,850,1044,1075,1138,1192,1497,2106,2952,3486,4418,5439,6631,8334,10522,11731,12219,14461,14260,15810,17189,19484,23466,22725,24436,27001
Belgium,Total,Electricity output (GWh),33237,37060,40615,42314,40818,47123,46869,50559,51905,53091,50051,49978,51869,53690,56259,57621,62327,64541,66877,70292,71186,71410,70068,71341,73516,75138,77861,82075,83366,82773,78618,80939,83561,82921,84361,83319,86810,83054,89755,93226,89361,81742,82174,71373,68609,84491,85492,74024,92767,88408,99534,94570,81205
Canada,Fossil fuels,Electricity output (GWh),55105,57277,60173,58152,62040,67408,74468,75319,78373,82798,82480,89078,91183,96340,93061,84707,100465,113047,124767,108342,111242,118746,109691,112156,120481,118555,133373,150814,151180,165750,170766,165566,167264,158825,157180,148724,155903,148521,133046,139762,141436,132107,130342,133107,134604,131951,120209,123437,121373,116350,116376,114142,118031
Canada,Nuclear,Electricity output (GWh),4267,7211,15254,14696,12570,17416,26342,31202,35271,38032,40067,38337,48610,52210,60521,71267,77261,82867,79872,72967,84930,80582,93937,107834,97844,92767,82528,71511,73491,72799,76695,75526,74892,90387,92040,97964,93482,96020,90091,90658,93589,94862,103439,107280,101809,101429,101299,100731,101197,98195,92629,87239,89640
Canada,Renewable sources,Electricity output (GWh),162461,181639,194654,210667,202470,213396,221216,236386,245466,252448,267913,259934,268037,288460,305322,312500,318518,309920,294827,301101,312739,321488,329043,336195,342320,362494,358177,339855,354729,367453,342706,360424,347672,350922,371727,363469,378433,388419,383250,369421,395604,402139,421055,415802,421115,431229,440737,433830,429140,436362,435027,449266,418444
Canada,Total,Electricity output (GWh),221833,246127,270081,283515,277080,298220,322026,342907,359110,373278,390460,387349,407830,437010,458908,468478,496248,505838,499470,482460,508961,520903,532768,556273,560733,573904,574164,562264,579490,606090,590253,601605,589910,600218,621030,610253,627911,633052,608413,602925,633257,631979,657400,658553,657784,664909,662567,658334,652002,651352,644578,651200,626694
Chile,Fossil fuels,Electricity output (GWh),3649,3147,3120,2887,2293,2605,2727,3018,3592,3775,3718,2820,2803,3321,2775,2634,2543,4030,6947,8481,5794,3870,4401,6505,7734,12154,12608,18404,23790,20621,19453,19455,23341,27191,24204,24753,32674,32390,30976,36026,39693,44330,46841,40113,42542,45016,44567,44264,45170,43094,45029,40666,31219
Chile,Nuclear,Electricity output (GWh),0,0,0,0,0,0,0,0,0,0,0,0,0,0,0,0,0,0,0,0,0,0,0,0,0,0,0,0,0,0,0,0,0,0,0,0,0,0,0,0,0,0,0,0,0,0,0,0,0,0,0,0,0
Chile,Renewable sources,Electricity output (GWh),4875,5787,5646,6410,6439,6672,7049,7342,7542,7976,8260,9051,9821,10176,11265,12110,13094,12885,10864,9891,14167,18493,19602,18772,20293,18579,20689,17105,14600,19457,23078,24216,23488,24017,28280,30567,25835,27314,29649,24296,26020,25421,26060,30349,32872,34319,34876,38075,39388,40900,42990,50353,56520
Chile,Total,Electricity output (GWh),8524,8934,8766,9297,8732,9277,9776,10360,11134,11751,11978,11871,12624,13497,14040,14744,15637,16915,17811,18372,19961,22363,24003,25277,28027,30733,33297,35509,38390,40078,42531,43671,46829,51208,52484,55320,58509,59704,60722,60434,65713,69751,73065,70753,75414,79335,79443,82339,84558,83994,88019,91019,87739
Colombia,Fossil fuels,Electricity output (GWh),3578,3229,3688,4083,3841,4307,4612,5087,5529,5934,6274,6833,7409,7988,8217,7944,8096,8361,8037,8586,8995,10323,10313,8906,10079,7375,12648,13583,8624,10555,11148,10583,9872,9123,9982,10430,10198,8944,15500,17764,11261,13941,22627,21776,28580,26182,16401,18508,24052,27213,21094,21863,28209
Colombia,Nuclear,Electricity output (GWh),0,0,0,0,0,0,0,0,0,0,0,0,0,0,0,0,0,0,0,0,0,0,0,0,0,0,0,0,0,0,0,0,0,0,0,0,0,0,0,0,0,0,0,0,0,0,0,0,0,0,0,0,0
Colombia,Renewable sources,Electricity output (GWh),6663,7298,7939,8849,9090,9399,10645,12276,13476,14512,14503,15349,15496,17306,18610,21486,23401,24651,26933,27771,27995,22621,28246,32503,32637,35987,31957,31314,34198,32576,32300,34465,36675,40603,40362,43342,45034,47001,41656,42865,50926,49598,51374,49296,50016,50618,62879,61455,56364,52336,64957,65181,60661
Colombia,Total,Electricity output (GWh),10241,10527,11627,12932,12931,13706,15257,17363,19005,20446,20777,22182,22905,25294,26827,29430,31497,33012,34970,36357,36990,32944,38559,41409,42716,43362,44605,44897,42822,43131,43448,45048,46547,49726,50344,53772,55232,55945,57156,60629,62187,63539,74001,71072,78596,76800,79280,79963,80415,79550,86872,87056,88882
Costa Rica,Fossil fuels,Electricity output (GWh),110,162,209,213,228,190,413,439,365,96,70,67,74,53,50,48,123,137,82,86,198,843,495,484,842,446,171,441,133,59,100,122,157,66,271,533,722,677,451,641,863,830,1196,1043,108,193,37,159,96,24,3,2,614
Costa Rica,Nuclear,Electricity output (GWh),0,0,0,0,0,0,0,0,0,0,0,0,0,0,0,0,0,0,0,0,0,0,0,0,0,0,0,0,0,0,0,0,0,0,0,0,0,0,0,0,0,0,0,0,0,0,0,0,0,0,0,0,0
Costa Rica,Renewable sources,Electricity output (GWh),1038,1105,1138,1255,1303,1457,1347,1486,1632,2130,2295,2397,2796,3014,2766,2901,3010,3056,3328,3382,3666,4069,4417,4428,4039,4356,5440,4972,6045,6860,6645,7403,7296,8149,7989,8164,8328,8797,8859,8942,8969,9344,9039,9174,10704,10739,11320,11363,11396,11706,12734,12581,11703
Costa Rica,Total,Electricity output (GWh),1148,1267,1347,1468,1531,1647,1760,1925,1997,2226,2365,2464,2870,3067,2816,2949,3133,3193,3410,3468,3864,4912,4912,4912,4881,4802,5611,5413,6178,6919,6745,7525,7453,8215,8260,8697,9050,9474,9310,9583,9832,10174,10235,10217,10812,10932,11357,11522,11491,11730,12737,12583,12316
Czech Republic,Fossil fuels,Electricity output (GWh),35164,38315,40093,41321,44094,46783,49227,51835,48956,50257,51516,52977,54796,55487,54053,52581,49030,50419,51070,48525,47077,45405,44497,43631,45938,48712,49530,49463,48444,57031,56903,54252,55058,54716,54063,54080,58172,53001,49760,51300,51094,48159,45815,45442,46195,48443,47724,47429,45358,39624,42191,41838,34083
Czech Republic,Nuclear,Electricity output (GWh),0,0,0,0,0,0,0,0,0,0,0,0,200,1239,2397,6149,10701,11816,12418,12585,12132,12250,12627,12977,12230,12850,12494,13178,13357,13590,14749,18738,25872,26325,24728,26046,26172,26551,27208,27998,28283,30324,30745,30325,26841,24104,28340,29921,30246,30043,30731,31022,30410
Czech Republic,Renewable sources,Electricity output (GWh),1208,1264,1081,1819,1814,1446,1967,1830,2293,2399,2061,1670,1655,1298,1671,1876,2465,2099,1643,1161,1089,1402,1530,1781,2407,2261,2193,1983,2358,2284,2577,2998,1879,2741,3132,3520,3410,3731,4654,5902,7248,8065,9309,9172,9422,9384,9627,9431,10056,10352,10645,10767,11454
Czech Republic,Total,Electricity output (GWh),36372,39579,41174,43140,45908,48229,51194,53665,51249,52656,53577,54647,56651,58024,58121,60606,62196,64334,65131,62271,60298,59057,58654,58389,60575,63823,64217,64624,64159,72911,74234,75995,82816,83790,81931,83654,87764,83295,81632,85312,86776,86687,86008,85096,82616,82107,85886,86987,85869,80231,83804,83858,76181
Denmark,Fossil fuels,Electricity output (GWh),18600,20550,19096,18279,18240,20485,22042,20392,22080,26724,19719,23676,22085,22576,29027,30577,29225,27663,22351,25134,35424,29272,32182,38603,34616,51128,40963,36758,34021,29886,31276,31862,37420,30252,25618,35586,28216,25665,25528,25686,20270,15134,18060,13476,9252,11444,8502,8906,5655,4509,6158,5776,3837
Denmark,Nuclear,Electricity output (GWh),0,0,0,0,0,0,0,0,0,0,0,0,0,0,0,0,0,0,0,0,0,0,0,0,0,0,0,0,0,0,0,0,0,0,0,0,0,0,0,0,0,0,0,0,0,0,0,0,0,0,0,0,0
Denmark,Renewable sources,Electricity output (GWh),24,24,24,24,24,24,22,26,31,41,44,50,94,96,117,206,264,405,577,825,1057,1352,1607,1743,1852,2079,2929,3925,4379,5572,5846,6789,8078,9519,9812,9201,10305,10096,10064,12429,14181,14837,15967,17984,18937,18390,21798,20759,23073,23447,26098,28518,29359
Denmark,Total,Electricity output (GWh),18624,20574,19120,18303,18264,20509,22064,20418,22111,26765,19763,23726,22179,22672,29144,30783,29489,28070,22933,25982,36545,30738,33974,40578,36759,53582,44315,41113,38920,36053,37729,39287,46186,40430,36246,45611,39316,36616,36384,38862,35229,30701,34742,32184,28941,30538,31023,30370,29517,28729,33051,35129,33953
Estonia,Fossil fuels,Electricity output (GWh),..,..,..,..,..,..,..,..,..,..,..,..,..,..,..,..,..,..,..,16267,13844,11730,8926,9166,8694,9120,9238,8541,8262,8495,8465,8497,10110,10244,10094,9602,12045,10384,8238,11920,11714,10490,11995,10984,8519,10518,11218,10279,5409,3033,4234,5986,2570
Estonia,Nuclear,Electricity output (GWh),..,..,..,..,..,..,..,..,..,..,..,..,..,..,..,..,..,..,..,0,0,0,0,0,0,0,0,0,0,0,0,0,0,0,0,0,0,0,0,0,0,0,0,0,0,0,0,0,0,0,0,0,0
Estonia,Renewable sources,Electricity output (GWh),..,..,..,..,..,..,..,..,..,..,..,..,..,..,..,..,..,..,..,0,0,1,1,3,8,7,11,16,16,18,18,30,49,60,111,130,145,197,541,1044,1179,1477,1220,1389,1560,1588,1859,1989,2143,2971,2879,2856,2991
Estonia,Total,Electricity output (GWh),..,..,..,..,..,..,..,..,..,..,..,..,..,..,..,..,..,..,..,16267,13844,11731,8927,9169,8702,9127,9249,8557,8278,8513,8483,8527,10159,10304,10205,9732,12190,10581,8779,12964,12893,11967,13275,12446,10149,12170,13160,12364,7616,6078,7204,8937,5673
Finland,Fossil fuels,Electricity output (GWh),11054,12982,15587,15000,14019,19820,18318,22726,21631,23509,12591,11311,10898,13174,18324,17818,19961,20963,21698,19146,20278,18405,21712,27944,25274,31882,27841,23547,24957,23855,29869,32467,42102,37039,23419,36555,33080,26095,26326,33157,25609,18309,21393,17575,14194,14447,12698,14528,12123,9372,9582,7400,4167
Finland,Nuclear,Electricity output (GWh),0,0,0,0,0,0,2660,3264,6742,7022,14665,16776,17720,18867,19059,19059,19646,19554,19090,19216,19511,19260,19928,19427,19216,19476,20894,21853,22974,22479,22773,22295,22731,22716,23271,22906,23423,22958,23526,22800,23187,22987,23606,23580,23245,23203,22477,22793,23870,23291,23598,25336,34308
Finland,Renewable sources,Electricity output (GWh),10627,10323,10515,12631,12152,9435,12120,9742,10870,10216,13653,13088,13579,13246,12333,12389,13795,13361,13029,16015,18197,20060,19439,18260,19545,17761,20151,24408,21193,23379,21547,19830,19065,25631,23468,22466,24323,27781,21699,24195,24175,28560,25629,26271,30527,30412,31476,32139,31883,35928,38175,38667,41916
Finland,Total,Electricity output (GWh),21681,23305,26102,27631,26171,29255,33098,35732,39243,40747,40909,41175,42197,45287,49716,49266,53402,53878,53817,54377,57986,57725,61079,65631,64035,69373,69176,70167,69457,69976,74486,74955,84326,85845,70582,82312,81245,77432,72069,80674,73501,70411,71257,68094,68599,68757,67524,70263,68650,69268,72121,72221,81128
France,Fossil fuels,Electricity output (GWh),96951,106963,119278,115151,106242,140933,115535,126639,133398,125823,97360,98198,80867,64874,55680,43029,39498,37266,51429,47118,60342,50236,34336,33385,38145,42878,38490,53938,50765,49539,45005,51127,55730,54812,61699,55297,56347,53661,49234,55594,56812,54169,51127,33420,42373,54069,62678,46872,51101,45784,46348,58140,40182
France,Nuclear,Electricity output (GWh),9336,14592,14741,14695,18248,15778,17986,30483,39960,61251,105326,108919,144261,191234,224100,254155,265520,275521,303931,314081,331340,338445,368188,359981,377231,397340,395483,387990,394244,415162,421076,436760,441070,448241,451529,450191,439730,439447,409736,428521,442388,425406,423685,436479,437428,403195,398359,412942,399012,353833,379361,294731,338202
France,Renewable sources,Electricity output (GWh),49562,49646,48489,57001,60804,49146,76929,69023,67111,70234,72944,71351,70231,66545,62774,63389,71424,77445,47989,54628,58427,69617,65281,79193,73667,67100,64800,63446,73713,67819,76093,62687,61465,62427,54984,60913,64294,72330,68159,76684,66028,85249,99436,94039,91836,99001,92633,113503,113052,125207,122251,113538,141807
France,Total,Electricity output (GWh),155849,171201,182508,186847,185294,205857,210450,226145,240469,257308,275630,278468,295359,322653,342554,360573,376442,390232,403534,416049,450336,458538,468064,472829,489414,507785,499323,505945,519544,533601,543641,552111,559912,567197,569869,568006,562499,567597,529454,562964,567975,567859,577167,566790,574485,559210,556809,576324,566116,527754,550751,469216,522789
Germany,Fossil fuels,Electricity output (GWh),304810,320343,344101,355488,339469,374509,363778,382100,393141,386245,377310,368972,375785,375899,360002,368345,364406,365687,372644,372498,367767,350963,344460,345913,348528,358647,349005,359151,349085,361442,364835,365426,388668,383139,383711,386133,397891,385401,352440,372550,366773,371343,374945,352838,352936,361336,346079,327585,277336,244678,276447,280849,232010
Germany,Nuclear,Electricity output (GWh),6216,9522,12106,14459,24138,29533,41255,43873,52064,55589,65533,74426,78063,104317,138641,130489,141725,156820,161671,152468,147229,158804,153276,150703,153091,160016,170328,161644,170004,169606,171305,164842,165060,167065,163055,167269,140534,148495,134932,140556,107971,99460,97290,97129,91786,84634,76324,76005,75071,64382,69130,34709,7216
Germany,Renewable sources,Electricity output (GWh),16223,16016,18145,18686,18156,15099,18794,19623,19699,21921,22839,22382,21172,21119,20203,21166,22643,22441,20759,19093,16979,19735,20520,23433,25932,26551,23062,24902,28717,35475,37895,44477,46670,57957,63402,72511,89368,94283,95938,105180,124038,143044,152339,162526,188786,189672,216323,222076,240332,251481,233638,251087,267692
Germany,Total,Electricity output (GWh),327249,345881,374352,390563,383770,421423,426053,447974,467573,466340,467737,468109,476810,503233,520560,521813,530467,547109,557397,547650,535826,533672,522487,525205,532814,550691,548011,552375,552545,572313,581886,581954,604680,612355,616335,633354,634437,635195,590819,626720,607283,622220,632917,621949,642388,644861,647718,634299,600977,568908,587484,574315,514560
Greece,Fossil fuels,Electricity output (GWh),8910,10444,12594,12673,14105,15964,17063,18062,18536,19248,19986,19711,21643,21942,24935,24889,27305,30795,32309,33004,32642,34877,35716,37669,37632,37910,39261,42233,44445,49118,50041,50260,51872,52756,52921,52475,58092,57143,52890,46716,50916,50560,42680,38066,36860,39316,41388,36812,32188,30561,32478,30024,23286
Greece,Nuclear,Electricity output (GWh),0,0,0,0,0,0,0,0,0,0,0,0,0,0,0,0,0,0,0,0,0,0,0,0,0,0,0,0,0,0,0,0,0,0,0,0,0,0,0,0,0,0,0,0,0,0,0,0,0,0,0,0,0
Greece,Renewable sources,Electricity output (GWh),2652,2677,2223,2347,2015,1879,1922,2988,3566,3405,3407,3561,2340,2862,2805,3235,2781,2367,1901,1771,3101,2212,2330,2637,3564,4386,3918,3787,4755,4144,2932,3577,5892,5918,6406,7679,4594,5750,8164,10537,8143,10141,14350,12179,14850,14894,13801,16148,16097,17554,22166,22447,24072
Greece,Total,Electricity output (GWh),11562,13121,14817,15020,16120,17843,18985,21050,22102,22653,23393,23272,23983,24804,27740,28124,30086,33162,34210,34775,35743,37225,38137,40381,41299,42411,43292,46180,49395,53425,53076,53945,57905,58813,59427,60179,62711,62912,61073,57382,59172,60761,57115,50345,51822,54417,55189,53246,48575,48155,54686,52525,47387
Hungary,Fossil fuels,Electricity output (GWh),14898,16213,17542,18904,20309,21885,23253,25405,24373,23764,24132,24616,23162,22302,20102,20438,18549,15575,15525,14493,15995,17472,18876,19215,19726,20612,21118,22974,23435,20713,21976,21938,22763,20831,19980,20773,23254,22736,17470,18438,17491,16078,12003,10430,11093,12300,13053,12207,12955,12962,12817,11969,9826
Hungary,Nuclear,Electricity output (GWh),0,0,0,0,0,0,0,0,0,0,0,0,2473,3766,6480,7424,10986,13445,13891,13731,13726,13964,13796,14049,14026,14180,13968,13949,14096,14180,14126,13953,11013,11915,13834,13461,14677,14818,15426,15761,15685,15793,15370,15649,15834,16054,16098,15733,16288,16055,15990,15812,15918
Hungary,Renewable sources,Electricity output (GWh),96,110,101,81,163,165,149,138,146,112,168,159,155,208,185,178,192,191,162,195,218,204,205,206,219,257,269,215,246,243,257,237,336,936,1870,1493,1883,2357,2895,3020,2709,2646,2787,3151,3228,3258,3480,3766,4690,5529,6915,7662,9380
Hungary,Total,Electricity output (GWh),14994,16323,17643,18985,20472,22050,23402,25543,24519,23876,24300,24775,25790,26303,26796,28064,29749,29233,29581,28436,29963,31685,32915,33515,34018,35090,35397,37190,37832,35191,36415,36157,34145,33708,35756,35859,39960,40026,35908,37371,36020,34635,30293,29402,30359,31902,32915,32067,34291,34930,36120,35775,35516
Iceland,Fossil fuels,Electricity output (GWh),49,48,87,73,73,57,70,53,56,47,35,11,7,4,4,5,5,7,6,6,7,6,5,5,9,5,4,5,5,5,4,6,6,4,5,4,2,2,2,2,2,3,5,3,4,3,2,2,3,3,2,3,4
Iceland,Nuclear,Electricity output (GWh),0,0,0,0,0,0,0,0,0,0,0,0,0,0,0,0,0,0,0,0,0,0,0,0,0,0,0,0,0,0,0,0,0,0,0,0,0,0,0,0,0,0,0,0,0,0,0,0,0,0,0,0,0
Iceland,Renewable sources,Electricity output (GWh),1572,1746,2233,2293,2250,2392,2562,2654,2899,3137,3260,3622,3821,3973,3896,4109,4205,4471,4531,4504,4487,4540,4722,4775,4972,5118,5582,6276,7183,7679,8029,8410,8494,8619,8681,9925,11973,16465,16832,17057,17209,17546,18111,18120,18795,18547,19236,19828,19486,19124,19612,20118,20239
Iceland,Total,Electricity output (GWh),1621,1794,2320,2366,2323,2449,2632,2707,2955,3184,3295,3633,3828,3977,3900,4114,4210,4478,4537,4510,4494,4546,4727,4780,4981,5123,5586,6281,7188,7684,8033,8416,8500,8623,8686,9929,11975,16467,16834,17059,17211,17549,18116,18123,18799,18550,19239,19830,19489,19127,19614,20120,20243
Ireland,Fossil fuels,Electricity output (GWh),5838,6207,6704,6845,7000,7714,8272,8948,9814,9728,9667,9728,10000,10548,10908,11388,11948,12023,12842,13532,14184,14958,15369,15889,16875,18157,18880,19708,20641,22488,23605,23461,23723,23821,23753,24641,25556,26320,23849,24448,21740,21837,19883,19346,20167,22635,21631,20396,18621,18218,19651,20218,16948
Ireland,Nuclear,Electricity output (GWh),0,0,0,0,0,0,0,0,0,0,0,0,0,0,0,0,0,0,0,0,0,0,0,0,0,0,0,0,0,0,0,0,0,0,0,0,0,0,0,0,0,0,0,0,0,0,0,0,0,0,0,0,0
Ireland,Renewable sources,Electricity output (GWh),466,682,644,786,521,594,749,698,826,838,862,802,784,688,833,919,681,872,692,697,746,822,780,939,729,763,809,1170,1125,1186,1027,1382,1138,1394,1873,2475,2802,3595,4118,3729,5424,5256,5628,6391,7860,7512,8881,10200,11794,13459,11602,13071,13806
Ireland,Total,Electricity output (GWh),6304,6889,7348,7631,7521,8308,9021,9646,10640,10566,10529,10530,10784,11236,11741,12307,12629,12895,13534,14229,14930,15780,16149,16828,17604,18920,19689,20878,21766,23674,24632,24843,24861,25215,25626,27116,28358,29916,27967,28176,27164,27143,25576,25807,28101,30220,30671,30897,30710,31975,31575,33609,31072
Israel,Fossil fuels,Electricity output (GWh),7639,8478,8720,9158,9712,10361,11108,11874,12436,12404,12975,13639,14354,14663,15430,16028,17667,19342,20450,20895,21508,25115,25989,28401,30400,32507,35075,37930,39182,42630,43931,45468,46998,47240,48563,50533,53768,56750,54641,58389,59298,62519,60751,59892,63012,65318,65742,66978,68796,67702,68054,69347,66378
Israel,Nuclear,Electricity output (GWh),0,0,0,0,0,0,0,0,0,0,0,0,0,0,0,0,0,0,0,0,0,0,0,0,0,0,0,0,0,0,0,0,0,0,0,0,0,0,0,0,0,0,0,0,0,0,0,0,0,0,0,0,0
Israel,Renewable sources,Electricity output (GWh),0,0,0,0,0,0,0,0,0,0,2,2,1,2,2,6,10,10,3,3,6,29,26,23,25,24,25,25,33,31,20,32,43,39,39,25,24,32,99,171,300,484,571,921,1214,1658,1691,1757,3305,4367,5529,6400,8463
Israel,Total,Electricity output (GWh),7639,8478,8720,9158,9712,10361,11108,11874,12436,12404,12977,13641,14355,14665,15432,16034,17677,19352,20453,20898,21514,25144,26015,28424,30425,32531,35100,37955,39215,42661,43951,45500,47041,47279,48602,50558,53792,57002,55008,58592,59678,63003,61322,60813,64226,66976,67674,68894,72351,72285,73796,75964,75057
Italy,Fossil fuels,Electricity output (GWh),77267,85113,99406,101902,96971,114988,106704,119389,126599,132062,129744,130039,129488,126876,130909,135358,154708,156019,169722,178190,172802,176501,174077,180060,195366,192602,199374,206015,206587,217762,215971,227646,237404,239540,245805,254392,257790,252749,216705,218886,214572,202058,172850,154324,169632,176682,186972,170522,173093,158769,167682,178503,143549
Italy,Nuclear,Electricity output (GWh),3365,3626,3142,3410,3800,3807,3385,4428,2628,2208,2707,6804,5783,6887,7024,8758,174,0,0,0,0,0,0,0,0,0,0,0,0,0,0,0,0,0,0,0,0,0,0,0,0,0,0,0,0,0,0,0,0,0,0,0,0
Italy,Renewable sources,Electricity output (GWh),43288,45155,41368,42042,45007,42988,54869,49302,49772,49204,46503,44983,44838,45873,44304,44779,43410,44671,37258,34905,45539,45767,45223,48240,41458,46223,46206,46476,51315,50879,54347,48316,46866,53871,48439,50635,47716,58163,69255,76965,82963,92222,112010,120679,108905,108023,103898,114415,115847,116915,116339,100466,116163
Italy,Total,Electricity output (GWh),123920,133894,143916,147354,145778,161783,164958,173119,178999,183474,178954,181826,180109,179636,182237,188895,198292,200690,207115,213147,218449,222668,219745,228740,237364,239398,246524,253655,259255,269941,271893,277533,286278,295777,296840,307691,308223,313528,288335,298773,300648,297298,287906,278116,281560,287943,294004,287992,292018,278588,286979,282068,262722
Japan,Fossil fuels,Electricity output (GWh),290700,331100,388633,354497,364515,389123,424444,427812,433304,400748,403966,384451,404390,424874,411237,407518,434993,462417,501195,541941,547584,559050,525071,590722,571311,583108,578586,564000,602497,615917,603382,647498,678918,666737,676964,669779,750381,722954,680144,740325,862486,941896,943512,912247,869022,858196,834876,782895,746270,736709,720693,696719,628910
Japan,Nuclear,Electricity output (GWh),8000,9500,9707,19699,25125,34079,31659,59313,70393,82591,87820,102430,114291,134264,159578,168304,187758,178659,182869,202272,213460,223259,249256,269127,291254,302201,319177,332343,316616,322050,319859,295095,240013,282442,304755,303426,263832,258128,279750,288230,101761,15939,9303,0,9437,18060,32912,64929,63779,38752,70805,56070,84055
Japan,Renewable sources,Electricity output (GWh),84200,85100,67047,82780,83506,83790,73268,70647,81643,89192,88490,91498,95304,83711,95574,94620,89598,106278,108789,97806,105256,91276,103495,75331,91097,88538,98669,100570,96500,96982,94088,94310,109415,109129,96788,109029,95474,98525,100137,106442,109801,103611,114400,129583,145948,151238,167718,174635,185279,197600,211428,218826,223572
Japan,Total,Electricity output (GWh),382900,425700,465387,456976,473146,506992,529371,557772,585340,572531,580276,578714,614392,643359,666941,671104,713011,748135,793685,861542,886501,893584,897986,956657,976637,997371,1019478,1016495,1035858,1055041,1037504,1057130,1049474,1078737,1099411,1103907,1131444,1101917,1085207,1163992,1103927,1091782,1098638,1072546,1054466,1064417,1073277,1059460,1030872,1008160,1039629,1009803,974092
Korea,Fossil fuels,Electricity output (GWh),9220,10472,13541,14929,18437,21328,25123,27378,30120,31778,34601,37340,37162,39617,37603,31565,28034,40595,41742,49935,58588,73086,86310,107748,114515,128771,144060,123022,131952,174426,191886,202472,209184,233426,234775,251086,256874,265240,280826,316963,359536,373192,385536,367991,369282,377558,396466,426105,388389,372325,404406,383850,365817
Korea,Nuclear,Electricity output (GWh),0,0,0,0,0,0,71,2324,3152,3477,2897,3777,8965,11792,16745,28311,39314,40101,47365,52887,56311,56530,58138,58651,67029,73924,77086,89689,103064,108964,112133,119103,129672,130715,146779,148749,142937,150958,147771,148596,154723,150327,138784,156407,164762,161995,148427,133505,145910,160184,158015,176054,180479
Korea,Renewable sources,Electricity output (GWh),1320,1367,1284,1906,1683,1789,1393,1808,2328,1984,2709,2005,2723,2399,3659,4019,5344,3566,4588,6362,3487,3099,4230,2349,3012,2830,2895,4343,4257,4111,4258,3434,5123,4631,4052,4018,4557,4426,4687,6186,7479,7093,8783,8553,10642,15981,18635,23044,27406,33750,37592,45400,48828
Korea,Total,Electricity output (GWh),10540,11839,14825,16835,20120,23117,26587,31510,35600,37239,40207,43122,48850,53808,58007,63895,72692,84262,93695,109184,118386,132715,148678,168748,184556,205525,224042,217055,239283,287515,308299,325061,344038,368896,385712,403994,404533,420782,433549,472286,522723,531675,534332,534504,546369,557456,565923,585467,564955,570824,605777,610173,600797
Latvia,Fossil fuels,Electricity output (GWh),..,..,..,..,..,..,..,..,..,..,..,..,..,..,..,..,..,..,..,2152,2369,1313,1048,1135,1042,1265,1551,1479,1350,1313,1441,1490,1637,1493,1492,2105,1943,2062,2013,2992,3017,2058,2675,2337,2757,2944,2069,3226,3246,2075,2128,1214,1424
Latvia,Nuclear,Electricity output (GWh),..,..,..,..,..,..,..,..,..,..,..,..,..,..,..,..,..,..,..,0,0,0,0,0,0,0,0,0,0,0,0,0,0,0,0,0,0,0,0,0,0,0,0,0,0,0,0,0,0,0,0,0,0
Latvia,Renewable sources,Electricity output (GWh),..,..,..,..,..,..,..,..,..,..,..,..,..,..,..,..,..,..,..,4496,3275,2521,2876,3305,2937,1861,2955,4318,2759,2823,2839,2485,2338,3196,3414,2786,2828,3212,3556,3635,3077,4109,3534,2802,2777,3481,5462,3499,3192,3650,3718,3783,4963
Latvia,Total,Electricity output (GWh),..,..,..,..,..,..,..,..,..,..,..,..,..,..,..,..,..,..,..,6648,5644,3834,3924,4440,3979,3126,4506,5797,4110,4136,4280,3975,3975,4689,4906,4891,4771,5274,5569,6627,6094,6167,6209,5139,5534,6425,7531,6725,6438,5725,5846,4997,6388
Lithuania,Fossil fuels,Electricity output (GWh),..,..,..,..,..,..,..,..,..,..,..,..,..,..,..,..,..,..,..,10920,11991,3582,1264,1575,1296,1939,2024,3130,2752,2271,2604,2656,2845,3052,3418,2794,2825,2593,2836,3833,2877,3119,2425,1911,2254,1207,737,462,592,1821,1317,891,798
Lithuania,Nuclear,Electricity output (GWh),..,..,..,..,..,..,..,..,..,..,..,..,..,..,..,..,..,..,..,17033,17000,14638,12260,7706,11822,13942,12024,13554,9862,8419,11362,14142,15484,15102,10337,8651,9833,9894,10852,0,0,0,0,0,0,0,0,0,0,0,0,0,0
Lithuania,Renewable sources,Electricity output (GWh),..,..,..,..,..,..,..,..,..,..,..,..,..,..,..,..,..,..,..,414,338,311,393,452,373,326,296,417,415,340,328,358,332,428,460,435,581,602,684,911,1112,1183,1526,1511,1678,2095,2538,2205,2469,2575,2622,3027,4437
Lithuania,Total,Electricity output (GWh),..,..,..,..,..,..,..,..,..,..,..,..,..,..,..,..,..,..,..,28405,29363,18548,13934,9755,13520,16241,14388,17153,13089,11121,14362,17294,18828,18752,14415,12077,13470,13327,14643,4994,4246,4529,4214,3708,4258,3676,3608,2983,3369,4738,4368,4227,5440
Luxembourg,Fossil fuels,Electricity output (GWh),1278,1303,1347,1159,983,1050,1030,1031,976,790,585,412,344,409,397,454,423,460,509,520,579,558,564,450,346,338,274,195,204,215,667,2624,2620,3153,3107,3247,2895,2402,2843,2917,2341,2388,1421,1451,838,258,221,195,192,184,173,99,85
Luxembourg,Nuclear,Electricity output (GWh),0,0,0,0,0,0,0,0,0,0,0,0,0,0,0,0,0,0,0,0,0,0,0,0,0,0,0,0,0,0,0,0,0,0,0,0,0,0,0,0,0,0,0,0,0,0,0,0,0,0,0,0,0
Luxembourg,Renewable sources,Electricity output (GWh),55,65,47,83,71,46,94,94,107,113,126,113,109,111,105,117,133,133,104,83,98,82,82,101,107,75,103,143,122,171,168,151,141,195,209,246,265,282,268,268,246,308,370,398,431,457,600,683,797,976,990,1011,1110
Luxembourg,Total,Electricity output (GWh),1333,1368,1394,1242,1054,1096,1136,1139,1098,918,728,542,470,538,519,588,578,616,632,624,701,660,671,577,487,440,406,366,360,419,868,2810,2790,3382,3345,3528,3200,2724,3152,3231,2649,2756,1850,1904,1335,785,899,956,1066,1232,1233,1179,1250
Mexico,Fossil fuels,Electricity output (GWh),16658,19008,20750,23812,28274,29746,32475,40140,43082,49161,47595,55870,59789,61912,65111,73724,81245,84381,88325,84296,95543,94858,96286,114905,107798,110919,123610,140978,141468,156722,168658,175619,197072,194062,201853,207404,217473,212265,222541,223863,247488,255831,245841,238849,251636,260776,259562,277314,265166,243251,291736,235044,264012
Mexico,Nuclear,Electricity output (GWh),0,0,0,0,0,0,0,0,0,0,0,0,0,0,0,0,0,0,372,2937,4242,3919,4931,4239,8443,7878,10456,9265,10002,8221,8726,9747,10502,9194,10805,10866,10421,9804,10501,5879,10089,8770,11800,9677,11577,10567,10883,13675,11190,11262,11923,10850,12386
Mexico,Renewable sources,Electricity output (GWh),14381,15352,16350,17172,15650,17778,19784,16850,19003,17801,25562,24178,22088,25018,27878,23410,22757,25481,29008,28604,28785,34087,34456,27987,36007,38894,33427,32061,40040,40732,36604,32855,28643,34327,38110,39532,37377,47246,34667,45748,45075,42361,39543,52893,47471,49149,52561,54413,55108,63002,74483,83034,64808
Mexico,Total,Electricity output (GWh),31039,34360,37100,40984,43924,47524,52259,56990,62085,66962,73157,80048,81877,86930,92989,97134,104002,109862,117705,115837,128570,132864,135673,147131,152248,157691,167493,182304,191510,205675,213988,218221,236217,237583,250768,257802,265271,269315,267753,275538,302749,307228,297326,301496,310712,320564,323124,357592,344839,317680,381364,343847,356416
Netherlands,Fossil fuels,Electricity output (GWh),44499,49225,51519,51484,50120,53393,53709,56325,59869,59582,59310,56150,55830,59050,58604,62385,64158,65083,68071,67092,69561,71833,71395,73879,74847,78352,80846,83654,79004,81277,84938,86631,87255,90553,86789,85745,91695,92238,96966,102386,95619,84937,84812,85848,89364,93329,93024,89340,92192,83977,75398,66744,58225
Netherlands,Nuclear,Electricity output (GWh),405,326,1108,3277,3335,3872,3710,4060,3489,4200,3658,3897,3589,3711,3899,4216,3556,3675,4019,3502,3329,3800,3948,3967,4018,4160,2408,3814,3832,3926,3976,3915,4018,3822,3997,3469,4200,4169,4248,3969,4141,3915,2891,4091,4078,3960,3402,3515,3910,4087,3828,4156,3985
Netherlands,Renewable sources,Electricity output (GWh),0,0,0,0,803,872,867,1211,1106,1024,1085,265,231,17,444,557,705,853,960,806,935,995,1107,1258,1405,1816,2017,2328,2507,2972,3302,3974,3962,5307,7445,8051,7583,9531,10837,11197,12322,12479,12106,11649,13688,14780,17439,18882,22803,32731,40356,48315,56870
Netherlands,Total,Electricity output (GWh),44904,49551,52627,54761,54258,58137,58286,61596,64464,64806,64053,60312,59650,62778,62947,67158,68419,69611,73050,71968,74384,77257,77159,79867,81157,85423,86523,91115,86720,89631,93663,95981,96818,101214,99921,98833,105165,107552,113692,119270,113963,103234,101630,103359,110215,115154,117168,114380,121411,123279,122093,121810,121331
New Zealand,Fossil fuels,Electricity output (GWh),1105,2081,2972,3049,2086,4956,5741,4486,1990,2171,2486,5484,4762,5719,6488,5224,5440,5071,6861,6383,7528,8954,7808,6189,5756,7569,11032,9031,11348,10993,14275,12209,13693,11656,15120,15162,14974,15528,12169,11909,10520,12365,11030,8963,8680,6763,8203,7254,8067,8672,8234,5961,5478
New Zealand,Nuclear,Electricity output (GWh),0,0,0,0,0,0,0,0,0,0,0,0,0,0,0,0,0,0,0,0,0,0,0,0,0,0,0,0,0,0,0,0,0,0,0,0,0,0,0,0,0,0,0,0,0,0,0,0,0,0,0,0,0
New Zealand,Renewable sources,Electricity output (GWh),14373,15532,15559,15779,18478,16500,16090,17738,20092,20425,20988,19486,21731,21720,21236,23352,23681,24819,24497,26165,26044,24190,26740,28940,30587,29168,26345,28677,26545,28328,25379,28422,27072,31023,27780,28300,28866,28341,31324,33027,34062,32223,32694,34975,35958,37346,36389,37389,37032,35817,36331,38687,39149
New Zealand,Total,Electricity output (GWh),15478,17613,18531,18828,20564,21456,21831,22224,22082,22596,23474,24970,26493,27439,27724,28576,29121,29890,31358,32614,33639,33211,34616,35196,36410,36804,37443,37776,37960,39388,39705,40731,40855,42768,42981,43538,43897,43929,43550,44998,44631,44626,43771,43988,44690,44164,44641,44695,45148,44531,44611,44691,44662
Norway,Fossil fuels,Electricity output (GWh),283,175,162,56,71,96,229,133,146,137,127,268,321,327,337,413,488,421,442,88,94,94,99,253,273,371,324,308,373,292,343,353,460,508,530,637,936,606,4362,5031,4226,2835,2638,2787,2773,2776,2735,2794,2560,2007,898,1490,1692
Norway,Nuclear,Electricity output (GWh),0,0,0,0,0,0,0,0,0,0,0,0,0,0,0,0,0,0,0,0,0,0,0,0,0,0,0,0,0,0,0,0,0,0,0,0,0,0,0,0,0,0,0,0,0,0,0,0,0,0,0,0,0
Norway,Renewable sources,Electricity output (GWh),63245,67417,72867,76597,77330,81933,72022,80706,88698,83613,92834,92499,105688,105903,102388,96227,103294,108884,118429,121358,110343,116898,119483,111922,121829,104174,110027,115984,121750,142105,120745,129697,106028,109392,136520,120393,134934,140354,126487,117967,121901,143598,130415,137940,140070,145156,145479,143065,131080,152039,156059,143461,151297
Norway,Total,Electricity output (GWh),63528,67592,73029,76653,77401,82029,72251,80839,88844,83750,92961,92767,106009,106230,102729,96666,103803,109332,118899,121611,110563,117112,119718,112323,122242,104698,110494,116431,122287,142511,121327,130240,106669,110107,137245,121222,136112,141197,130979,123218,126265,146577,133511,141255,143398,148432,148734,146364,134166,154529,157519,145604,153645
Poland,Fossil fuels,Electricity output (GWh),67799,74270,82157,88823,94460,101698,106567,112790,114657,118183,111601,114603,122052,130945,133274,135984,141454,139959,141476,132740,130865,128756,129926,131204,134790,138859,138369,138208,137619,140765,140863,139579,147729,149036,151167,156115,153062,148017,142383,146073,149845,144721,146810,138473,141467,143066,145494,147442,137018,128408,147638,140362,119503
Poland,Nuclear,Electricity output (GWh),0,0,0,0,0,0,0,0,0,0,0,0,0,0,0,0,0,0,0,0,0,0,0,0,0,0,0,0,0,0,0,0,0,0,0,0,0,0,0,0,0,0,0,0,0,0,0,0,0,0,0,0,0
Poland,Renewable sources,Electricity output (GWh),1670,1688,1679,2357,2201,1828,2222,2213,2047,2597,2406,1812,2037,1753,2249,1917,1854,1887,1712,1495,1508,1618,1549,1784,1955,2064,2132,2533,2352,2332,2783,2767,2250,3207,3847,4291,5430,6608,8678,10888,13137,16879,17067,19843,22683,22807,24122,21617,25459,28227,30568,37689,45020
Poland,Total,Electricity output (GWh),69537,76045,83908,91271,96784,103648,108925,115121,116818,120941,114129,116542,124201,132848,135662,138058,143439,141961,143319,134438,132728,130687,131779,133294,137042,141194,140935,140771,140001,143174,143721,142499,150009,152550,155359,160764,158761,154710,151121,157089,163118,161711,164022,158508,164341,166153,169991,169622,163282,157224,178870,178698,165075
Portugal,Fossil fuels,Electricity output (GWh),1583,1641,2267,2677,4055,5029,3575,3556,4644,6871,8494,8083,9622,9057,7569,11207,10336,9534,19067,18503,19881,24122,21552,19695,23764,18633,19906,24760,34214,30247,30172,35656,28540,32245,37623,32548,30392,30543,30893,25008,27448,25947,20764,20143,26601,26512,34841,28740,24049,21166,17606,18678,11635
Portugal,Nuclear,Electricity output (GWh),0,0,0,0,0,0,0,0,0,0,0,0,0,0,0,0,0,0,0,0,0,0,0,0,0,0,0,0,0,0,0,0,0,0,0,0,0,0,0,0,0,0,0,0,0,0,0,0,0,0,0,0,0
Portugal,Renewable sources,Electricity output (GWh),6313,7199,7525,8008,6646,5017,10200,11043,11471,8335,5330,7274,8431,10138,11241,9120,9767,12886,6482,9839,9847,5501,9438,11639,9380,15784,14226,14147,8622,12868,15741,9733,17703,12314,8260,15722,16218,14641,18291,28353,24115,19371,29471,31562,24372,32311,22573,29402,27406,30100,31541,27606,34298
Portugal,Total,Electricity output (GWh),7896,8840,9792,10685,10701,10046,13775,14599,16115,15206,13824,15357,18053,19195,18810,20327,20103,22420,25549,28342,29728,29623,30990,31334,33144,34417,34132,38907,42914,43372,46168,45650,46521,44828,46188,48576,46895,45473,49482,53691,51888,45577,50534,51961,51281,59142,57697,58401,51729,51528,49432,46504,46124
Slovak Republic,Fossil fuels,Electricity output (GWh),9389,10274,10745,10177,11180,12056,12785,13154,12812,13187,12606,12184,11250,11153,10446,10338,9677,9263,9281,11581,11164,10245,9089,8508,10111,9978,9913,10059,10483,9657,9646,8813,9507,9273,8905,8361,7550,7437,6872,6886,7774,7265,6348,5277,5320,5262,5646,5900,6232,6180,6986,4675,4427
Slovak Republic,Nuclear,Electricity output (GWh),0,3,232,486,187,442,114,19,2147,4523,5133,5840,6150,7239,9382,11716,11513,11474,12157,12036,11689,11050,11486,12595,11437,11249,11073,11394,13117,16494,17103,17953,17864,17026,17727,18012,15334,16703,14081,14574,15411,15495,15720,15499,15146,14774,15081,14843,15282,15444,15730,15920,18343
Slovak Republic,Renewable sources,Electricity output (GWh),1476,1546,1322,2223,2002,2019,2408,2259,1884,2257,1966,1726,1832,1555,2117,1675,1932,1755,1962,1880,1408,1937,3467,4355,4880,4227,4064,4267,4474,4615,5081,5420,3581,4126,4676,4803,4934,4563,4911,5940,4999,5474,6353,6229,6040,6629,6532,5806,6644,6857,6778,5822,6434
Slovak Republic,Total,Electricity output (GWh),10865,11823,12299,12886,13369,14517,15307,15432,16843,19967,19705,19750,19232,19947,21945,23729,23122,22492,23400,25497,24261,23232,24044,25458,26428,25454,25053,25732,28105,30798,31856,32212,30986,30460,31352,31251,27892,28760,25919,27464,28288,28328,28514,27148,26632,26817,27439,26682,28219,28556,29722,26553,29330
Slovenia,Fossil fuels,Electricity output (GWh),..,..,..,..,..,..,..,..,..,..,..,..,..,..,..,..,..,..,..,4872,4184,4950,4955,4887,4882,4737,5065,5237,4794,4959,5341,5656,5528,5592,5652,5859,5964,5815,5753,5844,5812,5685,5392,4175,4806,5441,5312,5119,5026,4954,4427,3677,3742
Slovenia,Nuclear,Electricity output (GWh),..,..,..,..,..,..,..,..,..,..,..,..,..,..,..,..,..,..,..,4622,4952,3971,3956,4609,4779,4647,5019,5042,4696,4761,5257,5528,5207,5459,5884,5548,5695,6273,5739,5657,6215,5528,5300,6370,5648,5715,6285,5776,5821,6353,5706,5606,5603
Slovenia,Renewable sources,Electricity output (GWh),..,..,..,..,..,..,..,..,..,..,..,..,..,..,..,..,..,..,..,2950,3608,3423,3035,3399,3252,3673,3092,3449,3772,3904,3868,3414,3079,4215,3575,3703,3379,4308,4907,4749,3880,4330,5110,6611,4355,5057,4448,5233,5040,5583,5449,4069,6340
Slovenia,Total,Electricity output (GWh),..,..,..,..,..,..,..,..,..,..,..,..,..,..,..,..,..,..,..,12444,12744,12344,11946,12895,12913,13057,13176,13728,13262,13624,14466,14598,13820,15271,15117,15115,15043,16399,16403,16255,15915,15549,15809,17163,14817,16221,16054,16138,15896,16900,15592,13363,15695
Spain,Fossil fuels,Electricity output (GWh),27194,27634,40147,42234,48376,60571,46228,50072,51355,74128,78062,77917,77110,62986,65675,63738,63389,52199,71075,70776,71232,81180,74128,76351,85452,75357,96253,96877,118939,123614,119724,143436,139325,159622,184198,182377,187392,188773,163926,137736,145326,144620,112631,106689,122415,107194,126152,111218,110568,86592,87560,105261,78205
Spain,Nuclear,Electricity output (GWh),2523,4751,6545,7223,7544,7555,6524,7649,6700,5186,9568,8771,10661,23086,28044,37458,41271,50466,56126,54268,55578,55782,56060,55313,55455,56330,55298,58993,58852,62206,63708,63016,61875,63606,57539,60126,55103,58973,52761,61990,57718,61470,56726,57305,57196,58633,58039,55766,58349,58299,56564,58590,56873
Spain,Renewable sources,Electricity output (GWh),31868,35530,28968,30619,26178,21119,39937,40567,46648,29912,22366,26818,27607,32034,31898,27032,27946,35919,19890,26035,27813,19606,25128,29065,24381,41251,36977,36894,27210,34490,49295,33170,55762,50138,42270,52155,58290,62143,74080,97776,87522,86962,111405,110268,97088,104632,87924,103885,100988,113783,125747,122919,143225
Spain,Total,Electricity output (GWh),61585,67915,75660,80076,82098,89245,92689,98288,104703,109226,109996,113506,115378,118106,125617,128228,132606,138584,147200,151209,154753,156704,155443,160907,165601,173371,189153,193399,205633,220917,233060,239905,257292,276620,289452,295588,301846,310978,291869,298320,291532,293942,281444,274948,277683,271302,272978,271983,271029,259882,271091,287942,279412
Sweden,Fossil fuels,Electricity output (GWh),14272,16219,15678,15434,10625,15213,16221,11074,12600,10181,4460,4360,2841,2542,5144,5166,4715,4227,3250,3285,5039,5956,6916,8088,7732,12276,7183,6848,6718,4531,5921,7180,8907,5213,3890,4242,3606,3711,3878,7326,4398,2932,2693,1811,1938,2072,1790,2089,1684,897,1375,1254,1007
Sweden,Nuclear,Electricity output (GWh),90,1465,2111,2054,11969,15993,19913,23781,21039,26488,37679,39045,41004,50926,58561,69951,67385,69424,65603,68185,76761,63544,61395,73156,69935,74274,69928,73583,73188,57316,72109,68111,67415,77486,72377,66977,66969,63889,52173,57828,60475,64037,66457,64877,56348,63101,65696,68549,66130,49198,52965,51944,48289
Sweden,Renewable sources,Electricity output (GWh),52172,53969,60271,57622,57958,55186,53855,58029,61427,59589,60674,56068,64994,69759,72796,62913,73813,71924,73940,74452,65109,76373,76871,61402,70556,54003,72033,78098,74747,83140,83321,71145,58731,68186,81231,71068,77424,81408,79810,82086,84088,98309,82688,85742,102496,89127,95058,91153,98933,112143,115737,118209,114325
Sweden,Total,Electricity output (GWh),66534,71653,78060,75110,80552,86392,89989,92884,95066,96316,102846,99512,108869,123268,136539,138084,145977,145641,142916,145984,146970,145936,145247,142700,148293,140627,149206,158791,154838,145231,161595,146700,135379,151683,158364,143283,148819,149896,136610,148445,150283,166435,153031,153555,161985,155891,164225,163360,168417,163782,171757,173063,165769
Switzerland,Fossil fuels,Electricity output (GWh),2915,3570,2604,2265,1743,2202,2017,1875,1814,851,587,652,669,577,565,600,610,582,612,752,1024,1237,815,936,1088,1183,1149,1491,1198,1084,1093,1116,1170,1146,1084,986,917,858,815,1095,1012,963,799,537,665,892,759,645,637,639,537,416,399
Switzerland,Nuclear,Electricity output (GWh),1391,3840,6310,7067,7761,7939,8114,8395,11805,14346,15330,15133,15710,18440,22558,22581,23003,22792,22836,23636,22953,23448,23351,24363,24895,25142,25409,25830,25830,26446,26811,27234,27487,26958,23341,27819,27925,27700,27686,26339,26710,25441,25990,27557,23089,21146,20376,25513,26418,24025,19364,24153,24384
Switzerland,Renewable sources,Electricity output (GWh),26875,24469,27903,27770,33475,25947,35759,31980,31846,32978,35917,36723,35816,30538,32414,33360,35182,36304,30301,30224,32476,33530,36259,39611,35458,29379,34751,34199,40797,37692,42205,36106,35734,34752,32280,32139,36478,37326,37034,37472,34019,40527,40676,40669,41110,37815,37767,38879,42242,42605,42018,35986,43969
Switzerland,Total,Electricity output (GWh),31181,31879,36817,37102,42979,36088,45890,42250,45465,48175,51834,52508,52195,49555,55537,56541,58795,59678,53749,54976,56843,58655,60863,65406,61958,56262,62019,62324,68696,66125,71057,65422,65345,63865,57788,62136,66438,67041,66676,66052,62881,68135,68706,70078,66059,61103,60154,66291,70556,68501,63111,61731,69879
Republic of Turkiye,Fossil fuels,Electricity output (GWh),7009,7863,9625,9914,9499,9747,11775,12254,12088,11791,11947,12385,16004,17165,22168,27778,25677,19030,34042,34315,37444,40657,39723,47605,50398,54127,63103,68462,81528,93714,98333,95390,104985,104359,122120,131681,154982,163920,156583,155371,171169,174151,170641,198984,177608,183426,209166,206061,170518,177066,214844,189172,188843
Republic of Turkiye,Nuclear,Electricity output (GWh),0,0,0,0,0,0,0,0,0,0,0,0,0,0,0,0,0,0,0,0,0,0,0,0,0,0,0,0,0,0,0,0,0,0,0,0,0,0,0,0,0,0,0,0,0,0,0,0,0,0,0,0,0
Republic of Turkiye,Renewable sources,Electricity output (GWh),2772,3380,2800,3563,6124,8536,8790,9472,10434,11484,12726,14167,11343,13448,12051,11917,18676,29018,18002,23228,22802,26685,34085,30716,35849,40735,40193,42560,34912,31154,24346,33966,35559,46311,39748,44522,36457,34421,38141,55712,58098,65216,69220,52629,83658,90245,87235,97768,132261,128345,118552,137827,136175
Republic of Turkiye,Total,Electricity output (GWh),9781,11243,12425,13477,15623,18283,20565,21726,22522,23275,24673,26552,27347,30613,34219,39695,44353,48048,52044,57543,60246,67342,73808,78321,86247,94862,103296,111022,116440,124922,122725,129400,140581,150698,161956,176299,191558,198418,194812,211208,229393,239496,240154,251963,261783,274408,297278,304802,303898,306703,334723,328379,326302
United Kingdom,Fossil fuels,Electricity output (GWh),224850,229998,249497,234719,236701,235436,237839,245243,256092,243157,234381,223174,221087,222429,229533,235509,242269,238304,236183,246112,245398,236030,226428,229436,236242,248540,243605,252361,259943,278823,280205,282756,293317,294977,294315,297482,308333,308698,276941,289854,259214,247501,229748,204461,178976,176682,161646,150910,141530,119483,132707,133955,103060
United Kingdom,Nuclear,Electricity output (GWh),27548,29378,27997,33617,30338,36155,40021,37224,38308,37023,37969,43972,49928,53979,61095,59079,55238,63456,71734,65749,70543,76807,89353,88282,88964,94671,98146,99486,95133,85063,90094,87848,88686,79999,81618,75451,63028,52486,69098,62140,68980,70405,70607,63748,70345,71726,70336,65064,56184,50278,45904,47723,40749
United Kingdom,Renewable sources,Electricity output (GWh),3358,3391,3858,4066,3751,3688,3870,3995,4245,3891,4347,4530,4552,3988,4091,4767,4137,4934,4758,5811,5323,6405,5718,6955,6871,5685,6946,8649,9616,9970,9549,11127,10618,14137,16938,18106,19689,22244,25656,26185,35209,41235,53226,64522,83367,82991,98879,110131,119727,134425,122338,135159,135001
United Kingdom,Total,Electricity output (GWh),255756,262767,281352,272402,270790,275279,281730,286462,298645,284071,276697,271676,275567,280396,294719,299355,301644,306694,312675,317755,321352,319346,321665,325024,332489,349313,349180,361079,365250,374375,382368,384595,395464,391278,395426,393430,392971,384782,373126,379640,365048,361087,355293,334830,335296,334287,334557,329995,321635,308928,305915,322093,283782
United States,Fossil fuels,Electricity output (GWh),1398490,1520470,1608210,1529147,1520945,1644747,1739593,1736734,1801990,1876547,1878278,1759469,1795865,1882899,1919875,1894889,1984738,2078319,2239417,2211966,2241417,2274693,2378991,2425384,2448570,2500516,2589971,2711858,2736469,2882270,2771591,2858235,2890533,2961136,3078075,3049191,3111787,3100548,2892882,3060149,2960191,2941052,2907720,2913787,2882404,2806893,2691536,2834295,2745143,2573324,2661776,2696235,2637445
United States,Nuclear,Electricity output (GWh),40552,57813,89167,121251,183512,202570,265936,292987,270464,266183,289034,299739,311298,347292,406712,438880,482586,558591,561165,611589,649399,655970,646987,678920,713806,715212,666363,714124,771811,797718,792604,804519,787818,813339,810726,816195,836634,837804,830210,838931,821405,801129,822004,830584,830288,839918,838861,841329,843330,823150,811551,803669,808667
United States,Renewable sources,Electricity output (GWh),264338,272826,268132,306937,306703,290640,226925,286721,287209,284590,269712,317427,341877,332582,295342,305955,249863,221132,327304,369241,350142,324316,355578,336458,384343,422867,403130,365559,351308,330364,260426,348137,360433,357987,366205,395209,361815,391022,428696,440677,528962,512822,541802,560657,568439,637076,718175,743179,767034,827386,866274,959232,958240
United States,Total,Electricity output (GWh),1703380,1851109,1965509,1957335,2011160,2137957,2232454,2316442,2359663,2427320,2437024,2376635,2449040,2562773,2621929,2639724,2717187,2858042,3127886,3202813,3254890,3270597,3391520,3451830,3558374,3651244,3672220,3804504,3873638,4025885,3838831,4026399,4054649,4148080,4268887,4275011,4323915,4342980,4165395,4354363,4326635,4270884,4287114,4320317,4297048,4299595,4263677,4433936,4370988,4238970,4354059,4472902,4417174
OECD Total,Fossil fuels,Electricity output (GWh),2846922,3087312,3355130,3253302,3244122,3546725,3652851,3737288,3863490,3936099,3871800,3739346,3794581,3904016,3935941,3921644,4090736,4226166,4540678,4595101,4674295,4713435,4749695,4951643,5023699,5168495,5316449,5515324,5632835,5934409,5879339,6077080,6254442,6341447,6517473,6536039,6782623,6709123,6326377,6647263,6689238,6705889,6572162,6414480,6376675,6338579,6237995,6287993,5997947,5638685,5881554,5798022,5440761
OECD Total,Nuclear,Electricity output (GWh),103693,142038,188496,242082,335311,385175,479629,561515,575569,620668,730245,783530,882812,1056992,1259397,1377191,1479604,1601763,1656336,1746486,1837946,1859479,1924800,1986523,2066831,2123595,2095490,2153407,2223186,2257557,2290815,2295685,2244058,2339109,2361937,2369771,2288156,2290638,2253011,2288371,2086965,1951583,1962360,1980260,1970960,1965738,1955423,1979186,1985510,1861265,1914121,1787463,1832436
OECD Total,Renewable sources,Electricity output (GWh),897599,941322,940800,1038750,1043897,1006768,1016659,1088419,1139783,1131312,1152451,1190852,1245269,1252116,1248900,1250026,1240152,1257047,1287381,1355278,1356784,1358055,1442738,1404699,1494150,1534009,1536410,1505309,1517907,1556216,1461113,1536852,1536671,1605611,1647476,1706286,1718721,1826190,1869899,1971006,2119734,2222288,2360201,2434995,2538363,2660108,2811121,2927260,3044718,3257666,3345974,3521192,3631345
OECD Total,Total,Electricity output (GWh),3848282,4170759,4484498,4536155,4625460,4941072,5151513,5389732,5581640,5690898,5756733,5716807,5925255,6215998,6447026,6552014,6813544,7088643,7488779,7732557,7909873,7974357,8155454,8384823,8629570,8873763,8996845,9220756,9421297,9798533,9685230,9964918,10089502,10343246,10588014,10671635,10847900,10884838,10513535,10978873,10972103,10956673,10972481,10908484,10964320,11051646,11094118,11295368,11129843,10846740,11237724,11213255,11009560
Argentina,Fossil fuels,Electricity output (GWh),..,..,..,..,..,..,..,..,..,..,..,..,..,..,..,..,..,..,..,20925,25404,24394,23835,22714,26252,33348,28995,33163,46260,46344,36372,33311,41233,53357,55117,57169,65810,74129,69170,75274,82028,90310,89251,90011,95556,99359,97291,96309,88732,89699,99593,88729,..
Argentina,Nuclear,Electricity output (GWh),..,..,..,..,..,..,..,..,..,..,..,..,..,..,..,..,..,..,..,7281,7756,7081,7750,8235,7066,7459,7961,7453,7106,6177,7059,5821,7566,7869,6873,7691,7217,7330,8162,7171,6371,6395,6207,5514,7039,8285,6114,6902,8478,10707,10877,7988,..
Argentina,Renewable sources,Electricity output (GWh),..,..,..,..,..,..,..,..,..,..,..,..,..,..,..,..,..,..,..,22367,20317,24265,29808,34175,33606,28844,35243,33306,26931,36362,46684,45410,43230,38911,43347,48239,39952,39930,44301,43019,40546,38634,43512,42569,42274,39038,41839,43308,41936,42809,42174,48118,..
Argentina,Total,Electricity output (GWh),..,..,..,..,..,..,..,..,..,..,..,..,..,..,..,..,..,..,..,50573,53477,55740,61393,65124,66924,69651,72199,73922,80297,88883,90115,84542,92029,100137,105337,113099,112979,121389,121633,125464,128945,135339,138970,138094,144869,146682,145244,146518,139146,143215,152643,144835,..
Brazil,Fossil fuels,Electricity output (GWh),..,..,..,..,..,..,..,..,..,..,..,..,..,..,..,..,..,..,..,10017,11154,11731,11515,11893,13583,16328,18458,19504,29005,30243,36902,35049,32958,41974,41232,41132,38927,58408,37753,63878,52070,79983,116631,147741,140384,102249,109897,93382,98686,89253,131430,66647,61753
Brazil,Nuclear,Electricity output (GWh),..,..,..,..,..,..,..,..,..,..,..,..,..,..,..,..,..,..,..,2237,1442,1759,442,55,2519,2427,3169,3265,3977,6046,14279,13836,13358,11611,9855,13754,12350,13969,12957,14523,15659,16038,15450,15378,14734,15864,15739,15674,16129,14053,14705,14559,14504
Brazil,Renewable sources,Electricity output (GWh),..,..,..,..,..,..,..,..,..,..,..,..,..,..,..,..,..,..,..,210567,221781,228242,240019,248093,259499,272523,286355,298979,301368,312249,276891,296372,317571,333334,351141,363765,392685,390210,414828,436929,463472,456097,438417,432745,430961,465819,467024,495290,515438,522922,507581,593905,629663
Brazil,Total,Electricity output (GWh),..,..,..,..,..,..,..,..,..,..,..,..,..,..,..,..,..,..,..,222821,234377,241732,251976,260041,275601,291278,307982,321748,334716,348910,328508,345671,364339,387453,403033,419337,445147,463067,466121,515713,531757,552401,570838,596256,586501,584388,595574,607203,633032,628765,656109,677372,707596
People's Republic of China,Fossil fuels,Electricity output (GWh),..,..,..,..,..,..,..,..,..,..,..,..,..,..,..,..,..,..,..,494480,552460,621470,684833,745584,801419,876296,922548,942536,1018140,1113413,1182711,1337601,1580101,1795567,2042927,2364229,2718749,2783801,2981276,3332623,3819124,3881107,4209233,4370875,4264019,4422641,4760804,4969985,5098875,5174017,5696862,5799607,6164133
People's Republic of China,Nuclear,Electricity output (GWh),..,..,..,..,..,..,..,..,..,..,..,..,..,..,..,..,..,..,..,0,0,0,1604,14756,12833,14338,14418,14100,14949,16737,17472,25127,43342,50469,53088,54843,62130,68394,70134,73880,86350,97394,111613,132538,170789,213287,248070,294359,348355,366255,407523,417775,434720
People's Republic of China,Renewable sources,Electricity output (GWh),..,..,..,..,..,..,..,..,..,..,..,..,..,..,..,..,..,..,..,126788,125165,132601,151962,167905,193662,189606,198922,210864,206838,225588,280766,291436,287312,357466,404451,446882,500911,614990,663651,781638,788618,995264,1103418,1287729,1392598,1521697,1659776,1832957,2015319,2183298,2449017,2686769,2920253
People's Republic of China,Total,Electricity output (GWh),..,..,..,..,..,..,..,..,..,..,..,..,..,..,..,..,..,..,..,621268,677625,754071,838399,928245,1007914,1080240,1135888,1167500,1239927,1355738,1480949,1654164,1910755,2203502,2500466,2865954,3281790,3467185,3715061,4197204,4704861,4984732,5436567,5804098,5838435,6169038,6682035,7109943,7472592,7732068,8560052,8911285,9526954
Egypt,Fossil fuels,Electricity output (GWh),..,..,..,..,..,..,..,..,..,..,..,..,..,..,..,..,..,..,..,31674,33746,35278,36611,37633,39887,42890,46441,50744,53812,64309,67931,76127,81796,88132,95494,101866,108788,115139,124760,145355,142216,149737,153252,159609,170363,173762,181006,181994,173500,177295,182131,183391,183926
Egypt,Nuclear,Electricity output (GWh),..,..,..,..,..,..,..,..,..,..,..,..,..,..,..,..,..,..,..,0,0,0,0,0,0,0,0,0,0,0,0,0,0,0,0,0,0,0,0,0,0,0,0,0,0,0,0,0,0,0,0,0,0
Egypt,Renewable sources,Electricity output (GWh),..,..,..,..,..,..,..,..,..,..,..,..,..,..,..,..,..,..,..,9932,9900,9700,10485,10971,11413,11555,11987,12222,14683,13834,15351,13063,13387,13167,13196,13541,16341,15595,13996,14750,14682,14481,14798,15510,15771,15630,15597,17664,23701,24971,25183,25349,25023
Egypt,Total,Electricity output (GWh),..,..,..,..,..,..,..,..,..,..,..,..,..,..,..,..,..,..,..,41606,43646,44978,47096,48604,51300,54445,58428,62966,68495,78143,83282,89190,95183,101299,108690,115407,125129,130734,138756,160105,156898,164218,168050,175119,186134,189392,196603,199658,197201,202266,207314,208740,208949
India,Fossil fuels,Electricity output (GWh),..,..,..,..,..,..,..,..,..,..,..,..,..,..,..,..,..,..,..,211641,237332,256099,280453,297051,337002,357807,380024,400871,440840,467795,483708,510361,536565,559437,571541,609856,649963,687856,746189,784190,838531,901002,939811,1039098,1111665,1163692,1215046,1282470,1275028,1167532,1236769,1366557,1502892
India,Nuclear,Electricity output (GWh),..,..,..,..,..,..,..,..,..,..,..,..,..,..,..,..,..,..,..,6141,5525,6726,5398,5648,7982,9071,10083,11922,13249,16902,19475,19390,17780,17011,17324,18802,16957,14927,18636,26266,32287,32866,34228,36102,37414,37916,38346,37813,46472,43029,47112,45861,47937
India,Renewable sources,Electricity output (GWh),..,..,..,..,..,..,..,..,..,..,..,..,..,..,..,..,..,..,..,71688,72814,69974,70577,82927,73143,69924,75824,84260,82496,76362,76435,73020,85969,99007,119457,138535,150223,141971,144372,161420,187843,180079,207712,212508,207815,230448,255873,287775,324317,325031,350867,399896,397837
India,Total,Electricity output (GWh),..,..,..,..,..,..,..,..,..,..,..,..,..,..,..,..,..,..,..,289470,315670,332799,356428,385625,418127,436802,465932,497053,536585,561059,579618,602771,640347,675525,708401,767300,817352,845009,909501,972254,1059155,1114544,1182419,1288454,1357751,1432888,1510097,1608807,1646581,1536755,1636309,1814062,1950625
Indonesia,Fossil fuels,Electricity output (GWh),..,..,..,..,..,..,..,..,..,..,..,..,..,..,..,..,..,..,..,25834,29664,31617,36422,43317,49448,57206,66911,65735,73781,78434,83560,92035,97566,103813,110178,116759,123808,129442,136028,142842,161405,177538,189494,201709,209052,216761,222648,234321,245822,236827,249972,308311,313745
Indonesia,Nuclear,Electricity output (GWh),..,..,..,..,..,..,..,..,..,..,..,..,..,..,..,..,..,..,..,0,0,0,0,0,0,0,0,0,0,0,0,0,0,0,0,0,0,0,0,0,0,0,0,0,0,0,0,0,0,0,0,0,0
Indonesia,Renewable sources,Electricity output (GWh),..,..,..,..,..,..,..,..,..,..,..,..,..,..,..,..,..,..,..,6833,7676,9896,8978,8041,9745,10518,7716,12303,12134,14891,17694,16182,15408,16350,17351,16313,18343,19884,20746,26913,21997,22477,26506,26149,24922,31156,32259,49448,49612,54990,58684,68473,69007
Indonesia,Total,Electricity output (GWh),..,..,..,..,..,..,..,..,..,..,..,..,..,..,..,..,..,..,..,32667,37340,41513,45400,51358,59193,67724,74627,78038,85915,93325,101254,108217,112974,120163,127529,133072,142151,149326,156774,169755,183417,200030,216020,227876,233984,247920,254909,283770,295445,291826,308661,376805,382783
Kenya,Fossil fuels,Electricity output (GWh),..,..,..,..,..,..,..,..,..,..,..,..,..,..,..,..,..,..,..,231,160,147,131,210,416,406,744,832,1489,2124,1508,1022,920,1038,1506,1819,1736,2145,2997,2586,2801,2200,2162,2585,1412,1470,2534,1546,1313,755,1262,1585,1306
Kenya,Nuclear,Electricity output (GWh),..,..,..,..,..,..,..,..,..,..,..,..,..,..,..,..,..,..,..,0,0,0,0,0,0,0,0,0,0,0,0,0,0,0,0,0,0,0,0,0,0,0,0,0,0,0,0,0,0,0,0,0,0
Kenya,Renewable sources,Electricity output (GWh),..,..,..,..,..,..,..,..,..,..,..,..,..,..,..,..,..,..,..,3004,3274,3282,3485,3451,3699,3896,3768,3814,2960,1887,2998,3650,4066,4306,4204,4233,4757,4474,3739,4571,4921,5777,6480,6614,8325,8789,7825,9748,10243,10931,11115,11349,11398
Kenya,Total,Electricity output (GWh),..,..,..,..,..,..,..,..,..,..,..,..,..,..,..,..,..,..,..,3235,3434,3429,3616,3661,4115,4302,4512,4646,4449,4011,4506,4672,4986,5344,5710,6052,6493,6619,6736,7157,7722,7977,8642,9199,9737,10259,10359,11294,11556,11686,12377,12934,12703
Morocco,Fossil fuels,Electricity output (GWh),..,..,..,..,..,..,..,..,..,..,..,..,..,..,..,..,..,..,..,8408,7979,8755,9467,10630,11481,10581,11510,11191,12070,12081,13969,14191,14919,15849,18191,18723,18735,19372,18363,19393,22525,25115,22595,24125,25108,25776,26875,27708,32390,31353,33120,33937,33237
Morocco,Nuclear,Electricity output (GWh),..,..,..,..,..,..,..,..,..,..,..,..,..,..,..,..,..,..,..,0,0,0,0,0,0,0,0,0,0,0,0,0,0,0,0,0,0,0,0,0,0,0,0,0,0,0,0,0,0,0,0,0,0
Morocco,Renewable sources,Electricity output (GWh),..,..,..,..,..,..,..,..,..,..,..,..,..,..,..,..,..,..,..,1220,1226,964,443,840,611,1957,2083,1777,825,782,1077,1044,1659,1807,1185,1181,1194,1227,2959,4127,2698,2359,4141,3561,4409,4656,4635,6507,7568,6979,7745,7154,9009
Morocco,Total,Electricity output (GWh),..,..,..,..,..,..,..,..,..,..,..,..,..,..,..,..,..,..,..,9628,9205,9719,9910,11470,12092,12538,13593,12968,12895,12863,15046,15235,16578,17656,19376,19904,19929,20599,21322,23520,25223,27474,28038,28988,30819,31734,32812,35517,41259,39634,42168,42393,43549
Senegal,Fossil fuels,Electricity output (GWh),..,..,..,..,..,..,..,..,..,..,..,..,..,..,..,..,..,..,..,901,925,1007,992,1025,1086,1156,1243,1305,1348,1444,1731,1824,1947,2060,2349,2357,2572,2692,2758,2910,2968,3282,3434,3792,4039,4341,4192,4243,5043,5046,5291,6422,..
Senegal,Nuclear,Electricity output (GWh),..,..,..,..,..,..,..,..,..,..,..,..,..,..,..,..,..,..,..,0,0,0,0,0,0,0,0,0,0,0,0,0,0,0,0,0,0,0,0,0,0,0,0,0,0,0,0,0,0,0,0,0,..
Senegal,Renewable sources,Electricity output (GWh),..,..,..,..,..,..,..,..,..,..,..,..,..,..,..,..,..,..,..,44,44,45,45,45,46,47,48,49,50,53,62,70,57,44,54,54,41,45,53,77,80,49,63,72,77,69,168,341,470,715,1054,1091,..
Senegal,Total,Electricity output (GWh),..,..,..,..,..,..,..,..,..,..,..,..,..,..,..,..,..,..,..,945,969,1052,1037,1070,1132,1203,1291,1354,1398,1604,1892,2044,2148,2264,2544,2439,2656,2782,2858,3076,3151,3450,3561,3893,4151,4457,4409,4673,5570,5804,6381,7550,..
Singapore,Fossil fuels,Electricity output (GWh),..,..,..,..,..,..,..,..,..,..,..,..,..,..,..,..,..,..,..,15544,16431,17184,18472,20359,21754,23610,26408,27885,29030,31175,32143,33718,34342,35853,37257,38488,40159,40669,40756,45207,44802,45675,46597,47929,48864,50089,50763,51476,52626,51594,54171,54600,53902
Singapore,Nuclear,Electricity output (GWh),..,..,..,..,..,..,..,..,..,..,..,..,..,..,..,..,..,..,..,0,0,0,0,0,0,0,0,0,0,0,0,0,0,0,0,0,0,0,0,0,0,0,0,0,0,0,0,0,0,0,0,0,0
Singapore,Renewable sources,Electricity output (GWh),..,..,..,..,..,..,..,..,..,..,..,..,..,..,..,..,..,..,..,85,245,245,245,245,245,245,245,245,245,245,473,473,495,479,478,477,487,525,535,592,611,638,742,824,923,988,1021,1094,1256,1277,1610,1999,2198
Singapore,Total,Electricity output (GWh),..,..,..,..,..,..,..,..,..,..,..,..,..,..,..,..,..,..,..,15714,16921,17674,18962,20849,22244,24100,26898,28375,29520,31665,33089,34664,35332,36811,38213,39442,41133,41718,41823,46386,46016,46938,47971,49383,50420,51677,52392,53151,54469,53401,56370,57350,56842
South Africa,Fossil fuels,Electricity output (GWh),..,..,..,..,..,..,..,..,..,..,..,..,..,..,..,..,..,..,..,155926,155388,156717,165960,169402,173551,186342,192869,187527,186662,193419,195162,203931,217619,226361,229151,237658,248053,241047,232343,242198,243767,241498,237685,232474,228771,226730,226454,228055,221793,210700,209875,201518,191610
South Africa,Nuclear,Electricity output (GWh),..,..,..,..,..,..,..,..,..,..,..,..,..,..,..,..,..,..,..,8449,9144,9288,7255,9697,11301,11775,12647,13601,12837,13010,10719,11991,12663,13365,11293,10026,11317,13004,12806,12099,13502,11954,14106,13794,12237,15026,14193,11580,13252,9903,12355,9803,8127
South Africa,Renewable sources,Electricity output (GWh),..,..,..,..,..,..,..,..,..,..,..,..,..,..,..,..,..,..,..,1010,1980,752,146,1074,529,1379,2238,1826,923,1408,2292,2642,966,1204,1611,3167,1130,1468,1666,2351,2307,1461,1401,3203,5728,7697,10008,12172,12539,14123,17407,19449,20369
South Africa,Total,Electricity output (GWh),..,..,..,..,..,..,..,..,..,..,..,..,..,..,..,..,..,..,..,165385,166512,166757,173361,180173,185381,199496,207754,202954,200422,207837,208173,218564,231248,240930,242055,250851,260500,255519,246815,256648,259576,254913,253192,249471,246736,249453,250655,251807,247584,234726,239638,230769,220106
Thailand,Fossil fuels,Electricity output (GWh),..,..,..,..,..,..,..,..,..,..,..,..,..,..,..,..,..,..,..,39200,45598,52859,59704,66662,73082,81640,85681,84554,85637,89440,95623,100854,108531,118405,124867,129145,133704,137592,138086,150494,143098,151633,156420,158035,163205,162902,156066,151992,156972,149908,149178,151884,152527
Thailand,Nuclear,Electricity output (GWh),..,..,..,..,..,..,..,..,..,..,..,..,..,..,..,..,..,..,..,0,0,0,0,0,0,0,0,0,0,0,0,0,0,0,0,0,0,0,0,0,0,0,0,0,0,0,0,0,0,0,0,0,0
Thailand,Renewable sources,Electricity output (GWh),..,..,..,..,..,..,..,..,..,..,..,..,..,..,..,..,..,..,..,4976,4587,4239,3703,4515,7001,8202,7545,5498,4402,6537,6797,8159,8452,7322,7330,9597,9935,9752,10254,8968,12582,13790,13693,14173,14022,25363,25873,30297,33777,29555,31050,34092,35449
Thailand,Total,Electricity output (GWh),..,..,..,..,..,..,..,..,..,..,..,..,..,..,..,..,..,..,..,44176,50185,57098,63407,71177,80083,89842,93226,90052,90039,95977,102420,109013,116983,125727,132197,138742,143639,147344,148340,159462,155680,165423,170113,172208,177227,188265,181940,182288,190748,179463,180228,185976,187976
Ukraine,Fossil fuels,Electricity output (GWh),..,..,..,..,..,..,..,..,..,..,..,..,..,..,..,..,..,..,..,211933,191626,170684,143426,121747,113345,94576,88537,81665,85552,82648,84586,85933,89533,83222,84756,90087,93124,90924,78577,86285,93500,96992,95386,83419,66910,72659,57963,60803,57794,54499,51076,33685,33793
Ukraine,Nuclear,Electricity output (GWh),..,..,..,..,..,..,..,..,..,..,..,..,..,..,..,..,..,..,..,76179,75131,73750,75243,68848,70523,79577,79433,75239,72065,77341,76169,77990,81406,87022,88756,90225,92542,89841,82924,89152,90248,90137,83209,88389,87627,80950,85576,84398,83003,76203,86206,62069,51937
Ukraine,Renewable sources,Electricity output (GWh),..,..,..,..,..,..,..,..,..,..,..,..,..,..,..,..,..,..,..,10514,11710,7883,11039,12118,9953,8632,9856,15742,14327,11280,12048,9649,9269,11786,12401,12921,10585,11821,12118,13391,11200,11234,15111,10167,7103,9252,10877,13016,11868,17559,18955,16050,19168
Ukraine,Total,Electricity output (GWh),..,..,..,..,..,..,..,..,..,..,..,..,..,..,..,..,..,..,..,298626,278467,252317,229708,202713,193821,182785,177826,172646,171944,171269,172803,173572,180208,182030,185913,193233,196251,192586,173619,188828,194948,198363,193706,181975,162108,162940,154461,158254,152794,148408,156384,111863,104958
Non-OECD Total,Fossil fuels,Electricity output (GWh),1057854,1153873,1250106,1297786,1400863,1511563,1584899,1677708,1770938,1853943,1916611,2018915,2113898,2214135,2304546,2466491,2621597,2725653,2855500,2906821,2962305,3000073,3052703,3074493,3214455,3368040,3491743,3579499,3761758,4011302,4181679,4465365,4874779,5247367,5625043,6152572,6686505,6934953,7143969,7815185,8447015,8755190,9220131,9648153,9745321,10038513,10485127,10846002,11039208,10893578,11718955,11974660,..
Non-OECD Total,Nuclear,Electricity output (GWh),7394,10437,14700,30629,48302,55423,57313,64477,73184,92707,112065,126438,152318,198352,232701,224140,258201,289486,282753,266416,267841,264209,265702,255776,265120,293599,297611,291845,307553,333067,346871,365094,391293,398903,406015,421700,431073,442447,443170,467917,495675,508702,516745,555145,599111,642664,680694,729911,804602,815185,899087,898001,..
Non-OECD Total,Renewable sources,Electricity output (GWh),343417,363307,381571,422687,444581,472842,512185,561293,598304,644919,667787,677788,707409,768692,806815,845109,863994,917335,936678,943520,977264,990777,1040580,1107629,1142357,1138948,1177468,1230008,1241063,1278478,1325944,1350585,1388309,1526920,1654680,1750400,1841279,1934482,2038802,2237547,2298916,2517246,2708089,2876054,2981004,3242040,3449059,3760888,4008882,4246290,4613482,5038226,..
Non-OECD Total,Total,Electricity output (GWh),1408665,1527617,1646377,1751102,1893746,2039828,2154396,2303478,2442426,2591569,2696464,2823141,2973626,3181179,3344062,3535825,3743878,3932559,4075015,4116842,4207660,4257191,4361038,4439768,4623850,4802580,4968828,5103449,5313552,5626847,5859366,6186103,6658732,7177797,7691464,8330285,8964442,9317341,9631653,10536061,11258843,11798724,12465330,13100703,13345179,13942586,14638799,15359955,15873673,15975094,17250384,17930186,..
Africa,Fossil fuels,Electricity output (GWh),68055,72942,80485,85297,93873,99765,103477,111416,122225,136391,155469,165379,176267,192180,203267,208106,224781,229576,237801,249631,252482,258211,272374,281016,289332,306684,321521,324002,332076,352236,364716,389960,411063,435967,456926,479613,502825,509066,510993,558871,562539,592082,603684,623485,648395,657389,661080,669860,668966,653663,676856,678090,..
Africa,Nuclear,Electricity output (GWh),0,0,0,0,0,0,0,0,0,0,0,0,0,3925,5315,8803,6167,10493,11099,8449,9144,9288,7255,9697,11301,11775,12647,13601,12837,13010,10719,11991,12663,13365,11293,10026,11317,13004,12806,12099,13502,11954,14106,13794,12237,15026,14193,11580,13252,9903,12355,9803,..
Africa,Renewable sources,Electricity output (GWh),23695,29008,30381,36440,38392,42493,46326,44556,48106,47654,49674,49770,44937,44288,48078,50955,48261,53229,56241,56884,61547,58644,58317,59134,61376,64023,65605,68543,73695,76989,84345,86493,85269,90748,92891,96564,98951,101072,105048,115865,116196,119669,125722,135185,139514,142285,149726,167143,180285,189198,200930,211281,..
Africa,Total,Electricity output (GWh),91750,101950,110866,121737,132265,142258,149803,155972,170331,184045,205143,215149,221204,240393,256660,267864,279209,293298,305141,314964,323173,326143,337946,349847,362009,382482,399773,406146,418608,442342,459879,488595,509140,540241,561252,586233,613141,623188,628896,687401,692533,724040,745126,774035,801698,816274,826582,850256,864154,854299,891702,900726,..
Non-OECD Americas,Fossil fuels,Electricity output (GWh),61283,65328,69366,66916,67784,73011,79712,82648,88103,91141,93047,91261,92616,91521,89416,101697,101266,111492,113450,105512,107670,114034,114146,116208,129385,141532,144875,159226,182051,186911,194973,195707,205729,225883,232566,240624,254048,283663,261869,301463,294872,341460,380225,414272,426341,390697,361791,343779,342074,301382,358109,287125,..
Non-OECD Americas,Nuclear,Electricity output (GWh),0,0,0,1036,2517,2572,1637,2896,2692,2340,2816,1870,3406,6284,9147,5855,7438,6406,6869,9518,9198,8840,8192,8290,9585,9886,11130,10718,11083,12223,21338,19657,20924,19480,16728,21445,19567,21299,21119,21694,22030,22433,21657,20892,21773,24149,21853,22575,24607,24760,25582,22547,..
Non-OECD Americas,Renewable sources,Electricity output (GWh),63298,71261,81494,94114,102519,115500,129169,143093,164034,184869,189521,205606,222779,245256,264767,283281,301486,310133,317155,334413,353022,363457,388565,410441,424458,441589,471508,485477,486348,513487,479823,502403,524975,543166,574992,599765,628570,632538,658698,675796,711908,706659,700274,672173,686012,719947,732522,764718,768666,787701,778535,869490,..
Non-OECD Americas,Total,Electricity output (GWh),124581,136589,150860,162066,172820,191083,210518,228637,254829,278350,285384,298737,318801,343061,363330,390833,410190,428031,437474,449443,469890,486331,510903,534939,563428,593007,627513,655421,679848,712993,696570,718181,752080,789063,825091,862520,903370,937980,942269,999336,1029366,1070835,1102496,1107729,1134548,1135249,1119080,1133930,1138127,1116380,1164620,1181423,..
Non-OECD Asia (including China),Fossil fuels,Electricity output (GWh),197743,221249,239643,242692,277850,301563,332192,374558,404571,430381,438112,465708,493260,535971,587016,653858,741759,816249,892402,951957,1063896,1176187,1296394,1393185,1527674,1664030,1776187,1839084,1972632,2138713,2253328,2475437,2785439,3074863,3373554,3766148,4197562,4309175,4596493,5054749,5615168,5778386,6180048,6494880,6519613,6798408,7219176,7539105,7724341,7670259,8297462,8604972,..
Non-OECD Asia (including China),Nuclear,Electricity output (GWh),1294,1237,2700,2665,3231,3862,2792,5671,9312,11202,13839,15289,22678,28988,34055,32393,38665,36722,32931,39300,41200,41153,41853,55786,56614,61543,61145,63172,66604,74139,74724,85810,101774,109765,112868,115803,122703,125766,133235,145195,166018,175235,192570,216833,249279,289863,318742,369759,437966,450070,501597,514305,..
Non-OECD Asia (including China),Renewable sources,Electricity output (GWh),80946,84621,93331,99847,109691,113169,116915,126970,134604,143501,159784,169787,186989,198538,205031,217094,215393,241457,262138,281373,279889,290819,307152,345718,367689,359822,369334,395386,395451,412966,476528,483116,499204,582804,657852,732001,801192,915567,971130,1119576,1170526,1388205,1539598,1736470,1835280,2029093,2224073,2457839,2671864,2866917,3216026,3559141,..
Non-OECD Asia (including China),Total,Electricity output (GWh),279983,307107,335674,345204,390772,418594,451898,507199,548487,585084,611736,650784,702928,763497,826102,903430,995903,1094513,1187555,1272715,1385234,1508419,1645660,1794980,1952342,2085861,2207169,2298247,2435424,2626808,2806072,3046061,3388399,3769559,4146438,4616147,5123820,5352921,5703307,6331222,6965322,7355759,7927623,8464359,8618517,9132038,9778617,10382589,10847557,10999337,12025798,12689990,..
Non-OECD Europe and Eurasia,Fossil fuels,Electricity output (GWh),714812,775907,836605,875862,930250,1000561,1027139,1060694,1092336,1123028,1145295,1193022,1234443,1257580,1274529,1342330,1379846,1380702,1413195,1388057,1324843,1210458,1100692,994102,963829,933625,905445,884401,877169,911653,922399,928154,972011,976675,993040,1056150,1080769,1122872,1030169,1088675,1137804,1152161,1133493,1115817,1101041,1111922,1107846,1134786,1125097,1066699,1135734,1129160,..
Non-OECD Europe and Eurasia,Nuclear,Electricity output (GWh),6100,9200,12000,26928,42554,48989,52884,55910,61180,79165,95410,109279,126234,159155,184184,177089,205931,235865,231854,209149,208299,204928,208402,182003,187620,210395,212689,204354,217029,233695,240090,247636,255932,256293,265126,274426,277486,282378,276010,288929,293798,297233,283866,299154,312908,307006,318393,318546,322020,323134,345128,322666,..
Non-OECD Europe and Eurasia,Renewable sources,Electricity output (GWh),171709,173820,172738,187315,188523,195216,212428,236822,241908,259174,258461,241969,242539,270340,278852,282239,284375,299162,287733,258927,271599,264251,272796,280947,277790,262180,260155,269465,276893,267004,275726,266752,263230,293727,301337,292884,284561,273303,290682,308315,280694,281408,318304,311969,301678,327820,320989,347481,341202,361886,386092,360730,..
Non-OECD Europe and Eurasia,Total,Electricity output (GWh),892621,958927,1021343,1090105,1161327,1244766,1292451,1353426,1395424,1461367,1499166,1544270,1603216,1687075,1737565,1801658,1870152,1915729,1932782,1856133,1804741,1681510,1583682,1458631,1430792,1407727,1379793,1359713,1373165,1414883,1441060,1445337,1492945,1528480,1562118,1626163,1644805,1681073,1599492,1688680,1715071,1733837,1738667,1730152,1719051,1749412,1750024,1803549,1791483,1755599,1871145,1816469,..
Middle East,Fossil fuels,Electricity output (GWh),15961,18447,24007,27019,31106,36663,42379,48392,63703,73002,84688,103545,117312,136883,150318,160500,173945,187634,198652,211664,213414,241183,269097,289982,304235,322169,343715,372786,397830,421789,446263,476107,500537,533979,568957,610037,651301,710177,744445,811427,836632,891101,922681,999700,1049931,1080098,1135234,1158472,1178729,1201574,1250794,1275313,..
Middle East,Nuclear,Electricity output (GWh),0,0,0,0,0,0,0,0,0,0,0,0,0,0,0,0,0,0,0,0,0,0,0,0,0,0,0,0,0,0,0,0,0,0,0,0,0,0,0,0,327,1847,4546,4472,2914,6620,7514,7450,6757,7318,14425,28681,..
Middle East,Renewable sources,Electricity output (GWh),3769,4597,3627,4971,5456,6464,7347,9852,9652,9721,10347,10656,10165,10270,10087,11540,14479,13354,13411,11923,11208,13606,13750,11389,11044,11334,10866,11136,8677,8032,9522,11822,15631,16475,27607,29186,28004,12002,13244,17995,19593,21305,24191,20256,18520,22895,21748,23708,46866,40588,31899,37584,..
Middle East,Total,Electricity output (GWh),19730,23044,27634,31990,36562,43127,49726,58244,73355,82723,95035,114201,127477,147153,160405,172040,188424,200988,212063,223587,224622,254789,282847,301371,315279,333503,354581,383922,406507,429821,455785,487929,516168,550454,596564,639223,679305,722179,757689,829422,856552,914253,951418,1024428,1071365,1109613,1164496,1189631,1232351,1249480,1297119,1341578,..
IEA Total,Fossil fuels,Electricity output (GWh),2831897,3072248,3339306,3236888,3227975,3529205,3633921,3716817,3841512,3913843,3848728,3715976,3769934,3877987,3909465,3894985,4062302,4194289,4505156,4550023,4631240,4667015,4702489,4901320,4968711,5110006,5249327,5438245,5554957,5854267,5797921,5994300,6166903,6250738,6427304,6441822,6677352,6602483,6217041,6525605,6569292,6576523,6432675,6285141,6234866,6193482,6103865,6149737,5851559,5493620,5740817,5661250,5309171
IEA Total,Nuclear,Electricity output (GWh),103693,142038,188496,242082,335311,385175,479629,561515,575569,620668,730245,783530,882812,1056992,1259397,1377191,1479604,1601763,1656336,1741864,1832994,1855508,1920844,1981914,2062052,2118948,2090471,2148365,2218490,2252796,2285558,2290157,2238851,2333650,2356053,2364223,2282461,2284365,2247272,2282714,2080750,1946055,1957060,1973890,1965312,1960023,1949138,1973409,1979688,1854912,1908415,1781857,1826833
IEA Total,Renewable sources,Electricity output (GWh),883451,925386,923844,1019943,1024815,986848,995056,1064661,1114234,1103557,1124131,1160431,1213334,1217645,1212361,1209414,1196432,1211974,1241722,1302281,1299580,1302359,1379814,1337494,1425995,1464411,1466670,1437850,1449317,1482886,1384334,1456427,1455258,1516773,1555136,1607774,1621320,1719061,1764340,1869292,2009353,2111456,2246402,2317721,2417630,2535690,2671209,2786051,2906548,3120001,3190985,3358706,3462457
IEA Total,Total,Electricity output (GWh),3819109,4139759,4451718,4500934,4590231,4903632,5110980,5345503,5534113,5640887,5705341,5663016,5868673,6155498,6384011,6484743,6741390,7011693,7407598,7629860,7804662,7868270,8041368,8262686,8501648,8741029,8854964,9071176,9270132,9640300,9521776,9796185,9915337,10158235,10399615,10473353,10639528,10664573,10292533,10749695,10735473,10710941,10713723,10655203,10696122,10776408,10813540,11009957,10839203,10557430,10935247,10908152,10703240
IEA and Accession/Association countries,Fossil fuels,Electricity output (GWh),..,..,..,..,..,..,..,..,..,..,..,..,..,..,..,..,..,..,..,5816938,5977971,6096421,6216556,6494978,6681114,6945939,7181750,7417593,7691662,8142313,8189901,8597375,9086938,9460919,9926382,10339464,11020785,11086522,10929678,11734652,12332259,12546273,12828716,12971704,12901213,13055566,13344221,13667157,13501492,13072205,13977855,14091214,..
IEA and Accession/Association countries,Nuclear,Electricity output (GWh),..,..,..,..,..,..,..,..,..,..,..,..,..,..,..,..,..,..,..,1842151,1931992,1954112,2018536,2089153,2174276,2243595,2218182,2273945,2342673,2389009,2430730,2444312,2414966,2520997,2543242,2559564,2484974,2491830,2452891,2505806,2325167,2200840,2221873,2265605,2295152,2331351,2357176,2424134,2495378,2375061,2487193,2339912,..
IEA and Accession/Association countries,Renewable sources,Electricity output (GWh),..,..,..,..,..,..,..,..,..,..,..,..,..,..,..,..,..,..,..,1816851,1829408,1842179,1965916,1970924,2089077,2132546,2169566,2176470,2175133,2246111,2188784,2286197,2312939,2477960,2611426,2751563,2849954,3057309,3181377,3447946,3650202,3942752,4212974,4466088,4670142,4997106,5320211,5701815,6068234,6468121,6843355,7410698,..
IEA and Accession/Association countries,Total,Electricity output (GWh),..,..,..,..,..,..,..,..,..,..,..,..,..,..,..,..,..,..,..,9511718,9780464,9936346,10239474,10597259,10989603,11369989,11618239,11914969,12257449,12828509,12864386,13384223,13870292,14518193,15143675,15711423,16416032,16695848,16629658,17771131,18396326,18779378,19356643,19798212,19959577,20485968,21130317,21912283,22182435,22018730,23417150,23961706,..
World,Fossil fuels,Electricity output (GWh),3904776,4241185,4605236,4551088,4644985,5058288,5237750,5414996,5634428,5790042,5788411,5758261,5908479,6118151,6240487,6388135,6712333,6951819,7396178,7501923,7636600,7713508,7802398,8026136,8238154,8536535,8808193,9094822,9394593,9945710,10061019,10542445,11129221,11588814,12142516,12688611,13469128,13644076,13470346,14462448,15136253,15461079,15792293,16062633,16121997,16377092,16723122,17133995,17037155,16532263,17600509,17772682,..
World,Nuclear,Electricity output (GWh),111087,152475,203196,272711,383613,440598,536942,625992,648753,713375,842310,909968,1035130,1255344,1492098,1601331,1737805,1891249,1939089,2012902,2105787,2123688,2190502,2242299,2331951,2417194,2393101,2445252,2530739,2590624,2637685,2660779,2635351,2738012,2767952,2791471,2719229,2733085,2696181,2756289,2582640,2460286,2479105,2535405,2570071,2608402,2636117,2709097,2790111,2676449,2813208,2685464,..
World,Renewable sources,Electricity output (GWh),1241016,1304629,1322371,1461437,1488478,1479610,1528844,1649712,1738087,1776231,1820238,1868640,1952678,2020808,2055715,2095135,2104146,2174382,2224059,2298797,2334048,2348831,2483318,2512327,2636506,2672957,2713878,2735317,2758970,2834695,2787057,2887437,2924981,3132531,3302156,3456685,3560000,3760671,3908700,4208553,4418650,4739534,5068290,5311049,5519367,5902148,6260180,6688148,7053600,7503956,7959455,8559418,..
World,Total,Electricity output (GWh),5256947,5698376,6130875,6287257,6519206,6980900,7305909,7693210,8024066,8282467,8453197,8539948,8898881,9397177,9791088,10087839,10557422,11021202,11563794,11849399,12117533,12231548,12516492,12824591,13253420,13676343,13965673,14324206,14734848,15425380,15544596,16151021,16748234,17521043,18279477,19001920,19812342,20202178,20145189,21514934,22230946,22755397,23437811,24009187,24309500,24994232,25732917,26655322,27003516,26821834,28488108,29143442,..
